Date,Bitcoin,Gold,S&P 500,Nasdaq
2021/1/5 0:00,0.061280012,0.003593536,0.007057631,0.009445368
2021/1/6 0:00,0.080021828,-0.01582455,0.005693603,-0.006116661
2021/1/7 0:00,0.066870924,-0.003305457,0.01473826,0.025318076
2021/1/8 0:00,0.03559289,-0.034177452,0.005476837,0.010240117
2021/1/11 0:00,-0.075513901,-0.001901807,-0.006576328,-0.012619132
2021/1/12 0:00,-0.047316478,0.005882663,0.000415702,0.002757686
2021/1/13 0:00,0.095339721,-0.006621876,0.002273056,0.004314322
2021/1/14 0:00,0.048921613,0.001598721,-0.003760513,-0.001243107
2021/1/15 0:00,-0.062166499,-0.010757657,-0.007216001,-0.008742658
2021/1/18 0:00,0.023165389,0.005584378,0,0
2021/1/19 0:00,-0.015413523,0.001299156,0.008103458,0.015169181
2021/1/20 0:00,-0.014579217,0.017053755,0.013839417,0.019514848
2021/1/21 0:00,-0.142528131,-0.000500125,0.000316673,0.005458715
2021/1/22 0:00,0.068333411,-0.009343515,-0.003015153,0.000897498
2021/1/25 0:00,0.002382269,0.001299156,0.003609318,0.006838431
2021/1/26 0:00,0.006266383,-0.00250313,-0.001489943,-0.000728534
2021/1/27 0:00,-0.067874345,-0.003405793,-0.026013315,-0.026433071
2021/1/28 0:00,0.09502026,-0.002002003,0.009713299,0.005003103
2021/1/29 0:00,0.025090071,0.003095205,-0.019500378,-0.020181784
2021/2/1 0:00,0.012687542,0.007571265,0.0159243,0.025135282
2021/2/2 0:00,0.057167939,-0.012376271,0.013802529,0.015501444
2021/2/3 0:00,0.053773898,-0.002002003,0.001008261,-0.000164582
2021/2/4 0:00,-0.014678677,-0.022859294,0.010794848,0.012209768
2021/2/5 0:00,0.032458853,0.010742097,0.00388992,0.005685725
2021/2/8 0:00,0.171820562,0.010148331,0.007372107,0.009434069
2021/2/9 0:00,0.006142619,0.003792798,-0.001114145,0.001433135
2021/2/10 0:00,-0.034203203,0.002796087,-0.000345245,-0.002513914
2021/2/11 0:00,0.064467616,-0.009141658,0.001661075,0.00380304
2021/2/12 0:00,-0.008478465,-0.0010005,0.004699971,0.004957131
2021/2/15 0:00,-0.015978236,-0.002703652,0,0
2021/2/16 0:00,0.025835261,-0.013389237,-0.000569435,-0.003409006
2021/2/17 0:00,0.058214152,-0.010151351,-0.000320453,-0.005855141
2021/2/18 0:00,-0.009038227,-0.00040008,-0.004425614,-0.007195635
2021/2/19 0:00,0.078285135,0.003792798,-0.001856619,0.000656068
2021/2/22 0:00,-0.059663447,0.014691549,-0.007762893,-0.02491491
2021/2/23 0:00,-0.104585245,-0.002002003,0.00125553,-0.005026233
2021/2/24 0:00,0.017881496,-0.00040008,0.011287668,0.009811903
2021/2/25 0:00,-0.053969759,-0.019284761,-0.024783394,-0.035826183
2021/2/26 0:00,-0.016142075,-0.02081514,-0.004761532,0.005542773
2021/3/1 0:00,0.09490116,-0.005615739,0.023512173,0.029611051
2021/3/2 0:00,-0.025554925,0.008265744,-0.008113679,-0.017073539
2021/3/3 0:00,0.043664728,-0.01572296,-0.013152336,-0.027398333
2021/3/4 0:00,-0.039906122,-0.008032172,-0.013508038,-0.021327968
2021/3/5 0:00,0.00751142,0.002197584,0.019308356,0.01533984
2021/3/8 0:00,0.020103137,-0.011566636,-0.005373643,-0.024364592
2021/3/9 0:00,0.04815684,0.020096702,0.014055401,0.036188235
2021/3/10 0:00,0.02137418,0.006180859,0.006012204,-0.00038177
2021/3/11 0:00,0.031573,-0.002703652,0.010341826,0.024925431
2021/3/12 0:00,-0.008216873,0.002895803,0.001014883,-0.005899262
2021/3/15 0:00,-0.058955208,0.003095205,0.00647094,0.010444595
2021/3/16 0:00,0.015929472,-0.000500125,-0.001570917,0.000880786
2021/3/17 0:00,0.035724187,0.007769737,0.002875245,0.003973064
2021/3/18 0:00,-0.017339152,-0.004610613,-0.01487056,-0.030708812
2021/3/19 0:00,0.008394319,0.004788517,-0.000602886,0.007524913
2021/3/22 0:00,-0.053456881,-0.003506139,0.007000557,0.012206457
2021/3/23 0:00,0.003840115,-0.006722546,-0.007660118,-0.011264054
2021/3/24 0:00,-0.036551758,0.004091618,-0.005482337,-0.020299644
2021/3/25 0:00,-0.020485433,-0.004208845,0.005226583,0.001217448
2021/3/26 0:00,0.064288419,0.002995509,0.016494419,0.012333458
2021/3/29 0:00,0.031655029,-0.011566636,-0.00086839,-0.006037039
2021/3/30 0:00,0.02001461,-0.016027761,-0.003162829,-0.001092566
2021/3/31 0:00,1.94E-05,0.013113639,0.003615954,0.015326519
2021/4/1 0:00,0.002999233,0.01350835,0.01175583,0.017453985
2021/4/2 0:00,0.004870091,-0.00080032,0,0
2021/4/5 0:00,0.005081207,-0.00020002,0.014334988,0.016588476
2021/4/6 0:00,-0.014763898,0.008761506,-0.000974005,-0.000526198
2021/4/7 0:00,-0.037528871,-0.003606496,0.001474146,-0.000696678
2021/4/8 0:00,0.039787676,0.01064316,0.004211751,0.010209331
2021/4/9 0:00,-0.00135455,-0.007326775,0.007690288,0.005112318
2021/4/12 0:00,-0.005187619,-0.006118681,-0.000196098,-0.003617307
2021/4/13 0:00,0.058527143,0.006478966,0.003289072,0.010493459
2021/4/14 0:00,-0.006219938,-0.004510155,-0.004096104,-0.009927565
2021/4/15 0:00,0.003232251,0.01557803,0.011033101,0.012970933
2021/4/16 0:00,-0.027886622,0.007372754,0.003602323,0.00096686
2021/4/19 0:00,-0.008788979,-0.003907625,-0.00532069,-0.009838087
2021/4/20 0:00,0.013347501,0.004489905,-0.006825561,-0.009277697
2021/4/21 0:00,-0.046519746,0.009058844,0.009263021,0.011822124
2021/4/22 0:00,-0.040581884,-0.005314095,-0.009253338,-0.009493487
2021/4/23 0:00,-0.013001303,-0.003807238,0.01086941,0.014255521
2021/4/26 0:00,0.097479707,0.001698557,0.001780685,0.008664103
2021/4/27 0:00,0.018548319,-0.002002003,-0.000214919,-0.003440476
2021/4/28 0:00,-0.003794255,0.002596626,-0.000845898,-0.002785198
2021/4/29 0:00,-0.023429674,-0.005716307,0.006740042,0.002240706
2021/4/30 0:00,0.075415188,-0.001501126,-0.007220713,-0.008548395
2021/5/3 0:00,0.010001102,0.013311014,0.002744322,-0.004850326
2021/5/4 0:00,-0.069993636,-0.007729798,-0.006700737,-0.019007709
2021/5/5 0:00,0.073897086,0.004489905,0.000703216,-0.003753696
2021/5/6 0:00,-0.018055094,0.01597177,0.008132299,0.003705273
2021/5/7 0:00,0.016877097,0.008364916,0.007346291,0.008720161
2021/5/10 0:00,-0.041595541,0.002696362,-0.010490481,-0.025808207
2021/5/11 0:00,0.015009957,0.00079968,-0.00871175,-0.000927963
2021/5/12 0:00,-0.142967147,-0.011768984,-0.021682782,-0.027082274
2021/5/13 0:00,0.011442928,0.00608147,0.012099645,0.007134772
2021/5/14 0:00,0.003300187,0.008563231,0.014807779,0.022971492
2021/5/17 0:00,-0.064883984,0.012916225,-0.002533258,-0.00379952
2021/5/18 0:00,-0.014531934,0.001099395,-0.008553772,-0.005652381
2021/5/19 0:00,-0.148107076,0.000699755,-0.002947752,-0.000293152
2021/5/20 0:00,0.097275016,0.003792798,0.010499429,0.017589108
2021/5/21 0:00,-0.089139817,0.001898197,-0.000784188,-0.00479511
2021/5/24 0:00,0.107222437,0.00039992,0.009862497,0.014018995
2021/5/25 0:00,-0.007878783,0.009653257,-0.002127545,-0.000292844
2021/5/26 0:00,0.022961566,-0.001501126,0.001875058,0.005901063
2021/5/27 0:00,-0.022057181,-0.00020002,0.001164636,-0.000125188
2021/5/28 0:00,-0.073936112,0.003493889,0.000768586,0.000906673
2021/5/31 0:00,0.045335917,0.001998003,0,0
2021/6/1 0:00,-0.017507854,-0.003205131,-0.000492455,-0.000892099
2021/6/2 0:00,0.023977789,0.004091618,0.001445889,0.001443986
2021/6/3 0:00,0.042556617,-0.019794627,-0.003635303,-0.010362969
2021/6/4 0:00,-0.060840387,0.010346292,0.008795303,0.01458194
2021/6/7 0:00,-0.066332856,0.004788517,-0.000797056,0.004854789
2021/6/8 0:00,-0.002627775,-0.003305457,0.00017501,0.003106487
2021/6/9 0:00,0.109474102,-0.002402885,-0.001825533,-0.000945527
2021/6/10 0:00,-0.017354743,0.005186527,0.004641455,0.007774618
2021/6/11 0:00,0.017067578,-0.01136433,0.001946539,0.003495218
2021/6/14 0:00,0.028258788,-0.005716307,0.001813556,0.007415511
2021/6/15 0:00,0.004658453,-0.003907625,-0.00201372,-0.007171008
2021/6/16 0:00,-0.052307032,-0.025420377,-0.005404704,-0.002360561
2021/6/17 0:00,-0.007684761,-0.021530119,-0.000435811,0.008628811
2021/6/18 0:00,-0.061401591,-0.005615739,-0.013211356,-0.009291425
2021/6/21 0:00,-0.119521796,0.011038847,0.013905164,0.007887386
2021/6/22 0:00,0.025833048,-0.00250313,0.005111406,0.007873965
2021/6/23 0:00,0.036766675,1.00E-04,-0.001083871,0.001294369
2021/6/24 0:00,0.0274757,-0.002002003,0.00579443,0.006841826
2021/6/25 0:00,-0.091304654,0.002895803,0.003325063,-0.000648819
2021/6/28 0:00,-0.006233262,-0.001200721,0.002312289,0.009710108
2021/6/29 0:00,0.040785121,-0.009646377,0.000277298,0.001916737
2021/6/30 0:00,-0.023325203,0.004888034,0.001327278,-0.001679502
2021/7/1 0:00,-0.042818246,0.003792798,0.005208041,0.00126986
2021/7/2 0:00,0.009632021,0.005683816,0.007472096,0.008020848
2021/7/5 0:00,-0.044674756,0.002696362,0,0
2021/7/6 0:00,0.01439221,0.002796087,-0.002023903,0.001659189
2021/7/7 0:00,-0.011157827,0.003693172,0.003353347,9.68E-05
2021/7/8 0:00,-0.029311779,-0.000500125,-0.008597881,-0.007204813
2021/7/9 0:00,0.027617363,0.002995509,0.011214826,0.009715141
2021/7/12 0:00,-0.032180926,-0.001200721,0.003445233,0.002128089
2021/7/13 0:00,-0.013782086,0.000899595,-0.003523011,-0.003780226
2021/7/14 0:00,0.0036726,0.010841023,0.001164257,-0.002230376
2021/7/15 0:00,-0.032249468,0.001199281,-0.003267574,-0.00697687
2021/7/16 0:00,-0.011366531,-0.010050336,-0.007567415,-0.008000607
2021/7/19 0:00,-0.031272503,0.00079968,-0.015996781,-0.010609715
2021/7/20 0:00,-0.033338556,-0.001300846,0.015048806,0.01556301
2021/7/21 0:00,0.074434172,-0.003706862,0.008208042,0.00913611
2021/7/22 0:00,0.006283789,0.001898197,0.002014639,0.003591792
2021/7/23 0:00,0.038503942,-0.003004509,0.010094332,0.010324104
2021/7/26 0:00,0.054695429,-0.002302649,0.002379367,0.000250675
2021/7/27 0:00,0.053942853,0.00079968,-0.004723583,-0.012211813
2021/7/28 0:00,0.014835127,0.004489905,-0.000186279,0.006933341
2021/7/29 0:00,0.000312874,0.011632084,0.004197332,0.00106156
2021/7/30 0:00,0.054172231,-0.00793137,-0.005420714,-0.007169926
2021/8/2 0:00,-0.019525249,-0.000100005,-0.001844506,0.00057169
2021/8/3 0:00,-0.027122491,-0.001901807,0.008169961,0.005449286
2021/8/4 0:00,0.040943165,0.00079968,-0.004643151,0.001302576
2021/8/5 0:00,0.027838357,-0.004108428,0.005987486,0.007722858
2021/8/6 0:00,0.046538141,-0.023166278,0.001673865,-0.003993184
2021/8/9 0:00,0.056962712,-0.019080888,-0.00094035,0.001644664
2021/8/10 0:00,-0.016974141,-0.00040008,0.000992187,-0.004863015
2021/8/11 0:00,0.000188761,0.013113639,0.001274931,-0.001553143
2021/8/12 0:00,-0.025891754,0.000499875,0.004137808,0.003456237
2021/8/13 0:00,0.07300948,0.015085637,0.001606016,0.000448098
2021/8/16 0:00,-0.022408307,0.004489905,0.002617422,-0.001967854
2021/8/17 0:00,-0.028869199,-0.000700245,-0.007085744,-0.009343386
2021/8/18 0:00,0.002364967,0.000899595,-0.010806653,-0.008928106
2021/8/19 0:00,0.041885853,-0.004108428,0.001255903,0.001092614
2021/8/20 0:00,0.054597907,0.00039992,0.008108604,0.01181771
2021/8/23 0:00,0.004541347,0.013607003,0.008487668,0.01537528
2021/8/24 0:00,-0.037844894,-0.001400981,0.001494619,0.005149751
2021/8/25 0:00,0.025960122,-0.006621876,0.002217657,0.001467687
2021/8/26 0:00,-0.042102297,0.00079968,-0.00584195,-0.00640604
2021/8/27 0:00,0.04409943,0.013607003,0.008769072,0.012215516
2021/8/30 0:00,-0.03702464,-0.003606496,0.004297324,0.008974424
2021/8/31 0:00,0.002371072,0.001798382,-0.001350027,-0.000435668
2021/9/1 0:00,0.035005654,1.00E-04,0.00031164,0.003280468
2021/9/2 0:00,0.009792725,-0.002302649,0.002838606,0.001422938
2021/9/3 0:00,0.014044128,0.009257021,-0.000335087,0.002107195
2021/9/6 0:00,0.01686314,-0.001701447,0,0
2021/9/7 0:00,-0.117232495,-0.016027761,-0.003401352,0.000703403
2021/9/8 0:00,-0.015494794,-0.002904213,-0.001319437,-0.005720019
2021/9/9 0:00,0.006488391,0.003194891,-0.004616247,-0.002514479
2021/9/10 0:00,-0.033035187,-0.004108428,-0.007752552,-0.008744681
2021/9/13 0:00,-0.024174296,0.003394233,0.0022739,-0.000655844
2021/9/14 0:00,0.046272007,0.005982072,-0.005763214,-0.004499861
2021/9/15 0:00,0.022754601,-0.006521217,0.008438294,0.008196961
2021/9/16 0:00,-0.008190739,-0.022143365,-0.001552345,0.001343924
2021/9/17 0:00,-0.01085408,0.00039992,-0.00915263,-0.009128013
2021/9/20 0:00,-0.098107938,0.00548493,-0.017123078,-0.022184576
2021/9/21 0:00,-0.051488268,0.005882663,-0.000812689,0.00220636
2021/9/22 0:00,0.068399602,-0.003606496,0.009474585,0.010150743
2021/9/23 0:00,0.029856309,-0.01440323,0.01206168,0.010377078
2021/9/24 0:00,-0.046862195,0.004191205,0.001459943,-0.000301664
2021/9/27 0:00,-0.022771583,0,-0.002780244,-0.005178992
2021/9/28 0:00,-0.028852333,-0.009242581,-0.020574318,-0.028683409
2021/9/29 0:00,0.012828925,-0.004409708,0.001567954,-0.002356525
2021/9/30 0:00,0.05218276,0.017545179,-0.011981203,-0.004410097
2021/10/1 0:00,0.094208419,0.002097798,0.011425952,0.00814197
2021/10/4 0:00,0.018763729,0.005186527,-0.013070952,-0.021596688
2021/10/5 0:00,0.047747611,-0.005414633,0.010469517,0.012433335
2021/10/6 0:00,0.072014101,0.001399021,0.004094399,0.004705613
2021/10/7 0:00,-0.028498794,-0.004108428,0.008264039,0.010434293
2021/10/8 0:00,0.003003761,0.00079968,-0.001915557,-0.00509549
2021/10/11 0:00,0.048348963,-0.001601281,-0.006889442,-0.006422693
2021/10/12 0:00,-0.025435764,0.003493889,-0.002419706,-0.001400953
2021/10/13 0:00,0.023978815,0.018429135,0.003017956,0.007281617
2021/10/14 0:00,-0.001387246,0.001598721,0.016919162,0.017131866
2021/10/15 0:00,0.071887458,-0.015926151,0.007432521,0.004973647
2021/10/18 0:00,0.007646292,-0.001501126,0.003369088,0.008320453
2021/10/19 0:00,0.035413444,0.002397125,0.007366143,0.007116254
2021/10/20 0:00,0.026577835,0.007273484,0.003657334,-0.000489915
2021/10/21 0:00,-0.059027668,0.000499875,0.002991393,0.006198347
2021/10/22 0:00,-0.024702251,0.00548493,-0.001073129,-0.008282263
2021/10/25 0:00,0.034027273,0.008364916,0.004736959,0.009005581
2021/10/26 0:00,-0.043377186,-0.008233805,0.001818141,0.000590892
2021/10/27 0:00,-0.031663844,0.002297359,-0.00506437,8.52E-06
2021/10/28 0:00,0.035934492,0.001099395,0.009781288,0.013836784
2021/10/29 0:00,0.026144376,-0.008838949,0.001947437,0.003248804
2021/11/1 0:00,-0.00514295,0.005683816,0.001798459,0.006273212
2021/11/2 0:00,0.035775877,-0.003205131,0.003673607,0.003435996
2021/11/3 0:00,-0.004062806,-0.009949331,0.006440495,0.010297255
2021/11/4 0:00,-0.024399034,0.01242252,0.004173222,0.008108506
2021/11/5 0:00,-0.005328129,0.013902905,0.00372585,0.001960415
2021/11/8 0:00,0.064805561,0.004091618,0.000887394,0.000674127
2021/11/9 0:00,-0.008845099,0.003992021,-0.003504911,-0.006013424
2021/11/10 0:00,-0.029958165,0.009851316,-0.008259842,-0.01674659
2021/11/11 0:00,-0.000696748,0.006478966,0.000550788,0.005207682
2021/11/12 0:00,-0.012300438,0.001399021,0.007196698,0.009927437
2021/11/15 0:00,-0.029592906,-0.000900405,-1.07E-05,-0.000448393
2021/11/16 0:00,-0.054922454,-0.006722546,0.003857779,0.00754131
2021/11/17 0:00,0.003430965,0.009157938,-0.002605015,-0.003278845
2021/11/18 0:00,-0.05842375,-0.004610613,0.003379065,0.004520704
2021/11/19 0:00,0.020466973,-0.007528266,-0.001399645,0.003976803
2021/11/22 0:00,-0.042454514,-0.0216323,-0.003202258,-0.012702564
2021/11/23 0:00,0.022481248,-0.008536331,0.001655761,-0.005034495
2021/11/24 0:00,-0.02263872,-0.000700245,0.002291224,0.004433277
2021/11/25 0:00,0.017511838,0,0,0
2021/11/26 0:00,-0.066873801,0.001898197,-0.022987011,-0.022566714
2021/11/29 0:00,0.009701684,-0.003807238,0.013113836,0.018620821
2021/11/30 0:00,-0.013955922,-0.006319929,-0.019143381,-0.015653932
2021/12/1 0:00,0.003928781,0.004987542,-0.011885541,-0.018423684
2021/12/2 0:00,-0.013227302,-0.00793137,0.014094638,0.008308778
2021/12/3 0:00,-0.052331586,0.008464078,-0.008484455,-0.019421796
2021/12/6 0:00,0.024288527,-0.003205131,0.011662599,0.009216681
2021/12/7 0:00,0.002319468,0.003294567,0.020495603,0.029878548
2021/12/8 0:00,-0.003859286,-0.001100605,0.003080536,0.006358959
2021/12/9 0:00,-0.057721556,-0.004309272,-0.007206988,-0.017226149
2021/12/10 0:00,-0.009035819,0.004489905,0.009503769,0.007270457
2021/12/13 0:00,-0.06944137,0.00249688,-0.009178158,-0.014001013
2021/12/14 0:00,-0.002674828,-0.009444459,-0.007498723,-0.011460834
2021/12/15 0:00,0.047838778,0.003892415,0.016216267,0.021293412
2021/12/16 0:00,-0.025504064,0.01232375,-0.008781863,-0.025054994
2021/12/17 0:00,-0.031180093,-0.000700245,-0.010340965,-0.000708399
2021/12/20 0:00,0.00370268,-0.00471108,-0.011453398,-0.012519923
2021/12/21 0:00,0.042928793,-0.000500125,0.017621755,0.023756084
2021/12/22 0:00,-0.006315834,0.008364916,0.010128728,0.011716424
2021/12/23 0:00,0.043381939,0.00249688,0.006204413,0.008434974
2021/12/27 0:00,-0.003333621,0.001498876,0.013744052,0.013823675
2021/12/28 0:00,-0.062151427,-0.003104815,-0.001010665,-0.005657621
2021/12/29 0:00,-0.024336012,-0.000900405,0.001400913,-0.000982632
2021/12/30 0:00,0.015667739,0.006280238,-0.002994234,-0.001565338
2021/12/31 0:00,-0.018649173,0.007372754,-0.002629634,-0.006154879
2022/1/3 0:00,-0.018914637,-0.015215166,0.006353824,0.011934283
2022/1/4 0:00,-0.012138935,0.007571265,-0.00062982,-0.013357478
2022/1/5 0:00,-0.052066288,-0.002803927,-0.019583264,-0.034020251
2022/1/6 0:00,-0.009410297,-0.011566636,-0.000964234,-0.001279583
2022/1/7 0:00,-0.037847989,0.003892415,-0.004058441,-0.009658676
2022/1/10 0:00,-0.002157812,0.003194891,-0.001442071,0.000463854
2022/1/11 0:00,0.021633411,0.01133551,0.009118286,0.01399665
2022/1/12 0:00,0.027993907,0.001798382,0.002813792,0.002303055
2022/1/13 0:00,-0.031375828,-0.001801622,-0.014346029,-0.025444116
2022/1/14 0:00,0.011859665,-0.002703652,0.000819644,0.005854481
2022/1/17 0:00,-0.020227572,0.0009995,0,0
2022/1/18 0:00,0.002956109,-0.003004509,-0.018559105,-0.026317237
2022/1/19 0:00,-0.01500991,0.014494446,-0.009736791,-0.011553475
2022/1/20 0:00,-0.025816743,-0.000900405,-0.011098742,-0.0130723
2022/1/21 0:00,-0.109604683,-0.002803927,-0.019095995,-0.027584777
2022/1/24 0:00,0.010352967,0.005385472,0.002767905,0.00624168
2022/1/25 0:00,0.008142487,0.002397125,-0.012246591,-0.023059721
2022/1/26 0:00,-0.002760824,-0.016027761,-0.001497757,0.000209005
2022/1/27 0:00,0.007733838,-0.011971372,-0.005398635,-0.014080214
2022/1/28 0:00,0.017247505,-0.003004509,0.024055968,0.030809106
2022/1/31 0:00,0.014804408,0.002995509,0.018709826,0.033512742
2022/2/1 0:00,0.006737319,0.002297359,0.00683956,0.007424687
2022/2/2 0:00,-0.04731074,0.003194891,0.0093784,0.004975043
2022/2/3 0:00,0.005441216,-0.001200721,-0.024693472,-0.038082241
2022/2/4 0:00,0.110626883,0.001698557,0.005143678,0.015669676
2022/2/7 0:00,0.033111583,0.007074914,-0.003708581,-0.005857652
2022/2/8 0:00,0.006324809,0.002796087,0.008366113,0.012675073
2022/2/9 0:00,0.004982114,0.003792798,0.014412842,0.020633242
2022/2/10 0:00,-0.017603394,-0.003205131,-0.018281824,-0.021254138
2022/2/11 0:00,-0.026921126,0.01813457,-0.019151683,-0.02820305
2022/2/14 0:00,0.009185768,0.005584378,-0.003847991,-1.67E-05
2022/2/15 0:00,0.045630604,-0.009242581,0.015643718,0.024980272
2022/2/16 0:00,-0.013855295,0.008265744,0.00088082,-0.001108832
2022/2/17 0:00,-0.081082331,0.015381102,-0.021400504,-0.029266332
2022/2/18 0:00,-0.012586526,0.000299955,-0.007191962,-0.012371382
2022/2/21 0:00,-0.035923811,0.004091618,0,0
2022/2/22 0:00,0.032134534,-0.003907625,-0.010194735,-0.012369509
2022/2/23 0:00,-0.026183635,0.004987542,-0.018583736,-0.026045544
2022/2/24 0:00,0.02739958,-0.002302649,0.014846105,0.03290239
2022/2/25 0:00,0.022738451,-0.008233805,0.022126081,0.016271602
2022/2/28 0:00,0.135764257,0.010742097,-0.002445591,0.004137602
2022/3/1 0:00,0.02653338,0.018330957,-0.015594468,-0.016049425
2022/3/2 0:00,-0.009753716,-0.008838949,0.018471047,0.016094447
2022/3/3 0:00,-0.034094479,0.004688989,-0.005268521,-0.015689542
2022/3/4 0:00,-0.081285276,0.017053755,-0.007965685,-0.016722062
2022/3/7 0:00,-0.009360315,0.01498713,-0.029962587,-0.036913086
2022/3/8 0:00,0.017584738,0.026836654,-0.007260044,-0.002763558
2022/3/9 0:00,0.080460833,-0.030149977,0.025373598,0.035318879
2022/3/10 0:00,-0.062546857,0.002197584,-0.00430105,-0.009519679
2022/3/11 0:00,-0.016425482,-0.005314095,-0.013046279,-0.022034689
2022/3/14 0:00,0.046891299,-0.017349638,-0.007448675,-0.020656746
2022/3/15 0:00,-0.008302472,-0.017247893,0.02118263,0.028784024
2022/3/16 0:00,0.044865468,0.005286004,0.022136922,0.036989363
2022/3/17 0:00,-0.004690917,0.007571265,0.012272205,0.013177396
2022/3/18 0:00,0.020538518,-0.011162065,0.011594814,0.020289578
2022/3/21 0:00,-0.004125762,0.007670506,-0.000434755,-0.003993896
2022/3/22 0:00,0.030703791,-0.007528266,0.0112407,0.019348486
2022/3/23 0:00,0.012531246,0.01133551,-0.01234863,-0.013286765
2022/3/24 0:00,0.024593726,0.007273484,0.014242012,0.01915375
2022/3/25 0:00,0.008782716,0,0.005053381,-0.001589502
2022/3/28 0:00,0.006546413,-0.017654935,0.007119551,0.013013736
2022/3/29 0:00,0.0071406,-0.002102208,0.012182044,0.018274432
2022/3/30 0:00,-0.008527995,0.007174204,-0.006313589,-0.012206515
2022/3/31 0:00,-0.03291801,0.002197584,-0.015776335,-0.015473332
2022/4/1 0:00,0.016183454,-0.006722546,0.003404421,0.00287764
2022/4/4 0:00,0.003633786,0.004191205,0.008058383,0.018827349
2022/4/5 0:00,-0.023144861,-0.004510155,-0.012631159,-0.02285537
2022/4/6 0:00,-0.052945705,0.000899595,-0.009764434,-0.022451356
2022/4/7 0:00,0.006852924,0.003493889,0.004244366,0.00061034
2022/4/8 0:00,-0.028353972,0.007074914,-0.002654547,-0.013496132
2022/4/11 0:00,-0.065746995,0.003892415,-0.017021335,-0.022051587
2022/4/12 0:00,0.015198992,0.006677655,-0.003423301,-0.003016009
2022/4/13 0:00,0.025576417,0.005683816,0.011112603,0.020138968
2022/4/14 0:00,-0.030364373,-0.002102208,-0.01221848,-0.021672517
2022/4/18 0:00,0.027546268,0.001998003,-0.000204889,-0.001403097
2022/4/19 0:00,0.016435294,-0.014606152,0.015930045,0.021320159
2022/4/20 0:00,-0.003097868,0.003892415,-0.000618666,-0.012306993
2022/4/21 0:00,-0.02068444,-0.003004509,-0.014862856,-0.020912798
2022/4/22 0:00,-0.019611085,-0.011263192,-0.028132076,-0.025784554
2022/4/25 0:00,0.02474905,-0.016739324,0.005681765,0.012812331
2022/4/26 0:00,-0.059599557,0.004091618,-0.028550009,-0.040334746
2022/4/27 0:00,0.029052735,-0.010252376,0.002095849,-0.000144962
2022/4/28 0:00,0.013483907,0.004390348,0.024445655,0.03017529
2022/4/29 0:00,-0.029702354,0.001099395,-0.03695916,-0.042606381
2022/5/2 0:00,0.001564562,-0.017858518,0.005659199,0.016194527
2022/5/3 0:00,-0.020422242,0.002696362,0.004825465,0.002210398
2022/5/4 0:00,0.050312678,0.006975614,0.029425222,0.031426187
2022/5/5 0:00,-0.081941365,-0.002202424,-0.036300678,-0.051206172
2022/5/6 0:00,-0.01471378,0.003294567,-0.005690384,-0.014146896
2022/5/9 0:00,-0.117054963,-0.015519812,-0.03256152,-0.043882177
2022/5/10 0:00,0.023678692,-0.008536331,0.002454882,0.009795919
2022/5/11 0:00,-0.069627064,0.007571265,-0.016600232,-0.032331718
2022/5/12 0:00,0.003842316,-0.016535969,-0.001296805,0.00059113
2022/5/13 0:00,0.008069583,-0.005816885,0.023589268,0.037460437
2022/5/16 0:00,-0.047163939,0.006975614,-0.003954209,-0.012119735
2022/5/17 0:00,0.018675311,-0.005012542,0.01996892,0.027212343
2022/5/18 0:00,-0.057689623,0.000499875,-0.041233809,-0.048411549
2022/5/19 0:00,0.054017473,0.014297305,-0.005850865,-0.002600155
2022/5/20 0:00,-0.03742661,0.002197584,0.000146131,-0.002979354
2022/5/23 0:00,-0.04122961,0.004091618,0.018384995,0.015784538
2022/5/24 0:00,0.018949782,0.006776984,-0.008153951,-0.023757491
2022/5/25 0:00,-0.003148528,-0.007024615,0.009406386,0.015004344
2022/5/26 0:00,-0.0100337,-0.001501126,0.019688166,0.026401102
2022/5/27 0:00,-0.022097889,0.001498876,0.02444113,0.032717654
2022/5/30 0:00,0.074592228,0.001898197,0,0
2022/5/31 0:00,0.002075607,-0.010353412,-0.006294135,-0.004108643
2022/6/1 0:00,-0.064746931,0.004589452,-0.007510905,-0.00722135
2022/6/2 0:00,0.022182634,0.01212618,0.018263225,0.026527462
2022/6/3 0:00,-0.02536529,-0.009343515,-0.016482406,-0.025005375
2022/6/6 0:00,0.047792171,-0.005314095,0.003132489,0.004040833
2022/6/7 0:00,-0.006883335,0.005982072,0.009478332,0.009395805
2022/6/8 0:00,-0.030672947,0.000699755,-0.010852623,-0.00733354
2022/6/9 0:00,-0.00339346,-0.003004509,-0.024086458,-0.027856843
2022/6/10 0:00,-0.034742219,0.012521281,-0.029542415,-0.035875195
2022/6/13 0:00,-0.174052552,-0.028296599,-0.039539932,-0.047937578
2022/6/14 0:00,-0.012556417,-0.005917474,-0.003780818,0.001767217
2022/6/15 0:00,0.016349175,0.013902905,0.014487059,0.024700905
2022/6/16 0:00,-0.102112401,0.012620031,-0.033052207,-0.041674973
2022/6/17 0:00,0.004397811,-0.009343515,0.002198447,0.014199717
2022/6/20 0:00,0.002248481,-0.00060018,0,0
2022/6/21 0:00,0.005376928,-0.003104815,0.024182475,0.024782185
2022/6/22 0:00,-0.035562005,0.002596626,-0.00130242,-0.001466364
2022/6/23 0:00,0.05351995,-0.008132983,0.009487072,0.016074672
2022/6/24 0:00,0.00688981,0.002097798,0.03010554,0.032877988
2022/6/27 0:00,-0.013975181,-0.001901807,-0.0029775,-0.007182263
2022/6/28 0:00,-0.022179693,-0.001701447,-0.020348673,-0.030215318
2022/6/29 0:00,-0.008746512,-0.001400981,-0.000711999,-0.000326519
2022/6/30 0:00,-0.016009712,-0.005615739,-0.008797866,-0.013433075
2022/7/1 0:00,-0.026393612,0.001798382,0.010498511,0.008946326
2022/7/4 0:00,0.047275427,-0.00060018,0,0
2022/7/5 0:00,-0.002035878,-0.025010163,0.001582875,0.017318014
2022/7/6 0:00,0.017582449,-0.014910613,0.003566796,0.003492264
2022/7/7 0:00,0.051656393,0.00079968,0.014853723,0.022582672
2022/7/8 0:00,0.004313223,0.001299156,-0.000830616,0.001200513
2022/7/11 0:00,-0.043595963,-0.00471108,-0.011594418,-0.022837484
2022/7/12 0:00,-0.032915621,-0.004510155,-0.009286868,-0.009530272
2022/7/13 0:00,0.04493676,0.00548493,-0.004466864,-0.001523646
2022/7/14 0:00,0.017549651,-0.01501212,-0.003003139,0.000320938
2022/7/15 0:00,0.012868197,-0.001601281,0.019019232,0.017727116
2022/7/18 0:00,0.078919678,0.001299156,-0.008398742,-0.008098257
2022/7/19 0:00,0.039405282,0.001199281,0.027253518,0.030609378
2022/7/20 0:00,-0.006765244,-0.008637193,0.005878494,0.015628759
2022/7/21 0:00,-0.002892622,0.012916225,0.009813067,0.013520947
2022/7/22 0:00,-0.019601946,0.004589452,-0.009376287,-0.018875812
2022/7/25 0:00,-0.05675566,-0.004409708,0.001314303,-0.004356268
2022/7/26 0:00,-0.005725044,-0.0010005,-0.011610343,-0.018856617
2022/7/27 0:00,0.076595422,0.009752291,0.025820049,0.039831483
2022/7/28 0:00,0.039057831,0.01212618,0.01206032,0.010760167
2022/7/29 0:00,-0.001647645,0.005783245,0.014107776,0.018580584
2022/8/1 0:00,-0.000973065,0.003693172,-0.002827077,-0.001753655
2022/8/2 0:00,-0.014520247,-0.006823225,-0.006684688,-0.001636129
2022/8/3 0:00,-0.005744062,0.002895803,0.015517456,0.025536137
2022/8/4 0:00,-0.009479526,0.014691549,-0.000777642,0.004129389
2022/8/5 0:00,0.028675899,-0.009444459,-0.001627069,-0.004967301
2022/8/8 0:00,0.026971545,0.008067371,-0.001238317,-0.001034688
2022/8/9 0:00,-0.027470993,0.003095205,-0.004257744,-0.01197627
2022/8/10 0:00,0.033256795,-0.001100605,0.021067158,0.028474366
2022/8/11 0:00,0.000412762,-0.001501126,-0.000705723,-0.005842848
2022/8/12 0:00,0.018415982,0.006876304,0.017174047,0.020698399
2022/8/15 0:00,-0.007526871,-0.012477522,0.003961684,0.00617833
2022/8/16 0:00,-0.010565706,-0.002102208,0.001873923,-0.001944295
2022/8/17 0:00,-0.023181945,-0.008233805,-0.007264115,-0.012628851
2022/8/18 0:00,-0.005295957,-0.001601281,0.00226699,0.002101629
2022/8/19 0:00,-0.106026642,-0.005917474,-0.012983929,-0.02026672
2022/8/22 0:00,-0.006298803,-0.006923915,-0.021632366,-0.025803809
2022/8/23 0:00,0.006018594,0.006876304,-0.00224037,-2.18E-05
2022/8/24 0:00,-0.006200333,0.001798382,0.002911917,0.004048755
2022/8/25 0:00,0.009577017,0.004290781,0.013993242,0.016572588
2022/8/26 0:00,-0.064085717,-0.012376271,-0.034268576,-0.040161968
2022/8/29 0:00,0.034134992,0.00059982,-0.006688675,-0.010268569
2022/8/30 0:00,-0.025001328,-0.008233805,-0.011089416,-0.011257501
2022/8/31 0:00,0.012696624,-0.007528266,-0.007847738,-0.005649071
2022/9/1 0:00,0.003851817,-0.008536331,0.002991752,-0.00263293
2022/9/2 0:00,-0.00784948,0.009058844,-0.010794553,-0.013176617
2022/9/5 0:00,-0.008761152,-0.000700245,0,0
2022/9/6 0:00,-0.050448065,-0.005314095,-0.004103465,-0.00741728
2022/9/7 0:00,0.023745154,0.009653257,0.018174849,0.021168227
2022/9/8 0:00,0.00204607,-0.006118681,0.006588967,0.005938075
2022/9/9 0:00,0.100860098,0.005087039,0.015156015,0.020871293
2022/9/12 0:00,0.027242164,0.004688989,0.010528651,0.01264239
2022/9/13 0:00,-0.097282199,-0.013186562,-0.044199163,-0.052969734
2022/9/14 0:00,-0.002743969,-0.003405793,0.003381289,0.007374542
2022/9/15 0:00,-0.027034586,-0.019080888,-0.011382272,-0.014379678
2022/9/16 0:00,0.003616228,0.006677655,-0.00720805,-0.009039759
2022/9/19 0:00,0.006396912,0.000499875,0.006833698,0.007537568
2022/9/20 0:00,-0.034000478,-0.007629027,-0.011336115,-0.009579289
2022/9/21 0:00,-0.018344814,0.006379607,-0.017264674,-0.018093424
2022/9/22 0:00,0.045641678,-0.001901807,-0.008463294,-0.013764372
2022/9/23 0:00,-0.005988576,-0.016535969,-0.017382829,-0.018134278
2022/9/26 0:00,0.022121968,-0.013186562,-0.010394361,-0.005999761
2022/9/27 0:00,-0.005850034,0.004489905,-0.002122611,0.002457431
2022/9/28 0:00,0.016409099,0.018625464,0.019481144,0.02030491
2022/9/29 0:00,0.007504186,0.000499875,-0.021352795,-0.028835605
2022/9/30 0:00,-0.007243323,-0.00040008,-0.015181352,-0.015191834
2022/10/3 0:00,0.029974176,0.023521195,0.025554578,0.022422426
2022/10/4 0:00,0.035702296,0.015774919,0.030125341,0.032831532
2022/10/5 0:00,-0.008698206,-0.006018072,-0.002019988,-0.002487835
2022/10/6 0:00,-0.010234042,-0.002904213,-0.010297923,-0.006779816
2022/10/7 0:00,-0.020687828,-0.009545413,-0.028403197,-0.038752414
2022/10/10 0:00,-0.015805352,-0.01582455,-0.007520673,-0.010408528
2022/10/11 0:00,-0.004716404,-0.001601281,-0.006540518,-0.011055776
2022/10/12 0:00,0.005549896,0.004290781,-0.0032962,-0.000872302
2022/10/13 0:00,0.011700027,-0.004008021,0.025634259,0.022031464
2022/10/14 0:00,-0.010228526,-0.014504686,-0.023947121,-0.031261707
2022/10/17 0:00,0.014563494,0.004987542,0.026135525,0.033761073
2022/10/18 0:00,-0.011127327,0.001099395,0.011362768,0.009007864
2022/10/19 0:00,-0.010130622,-0.014200349,-0.006694455,-0.008566781
2022/10/20 0:00,-0.004492679,-0.000500125,-0.007982687,-0.006167556
2022/10/21 0:00,0.006211911,0.017643435,0.02344776,0.022807499
2022/10/24 0:00,-0.011381303,-0.004912044,0.01181194,0.00851731
2022/10/25 0:00,0.038050126,0.002397125,0.01613577,0.022257398
2022/10/26 0:00,0.033017194,0.007174204,-0.00741514,-0.020580677
2022/10/27 0:00,-0.023607984,-0.000900405,-0.006101185,-0.016387345
2022/10/28 0:00,0.015142493,-0.012781334,0.024328037,0.02829863
2022/10/31 0:00,-0.006799219,-0.005314095,-0.007482327,-0.010348367
2022/11/1 0:00,-0.000512432,0.008761506,-0.004109664,-0.008894504
2022/11/2 0:00,-0.016030424,-0.007729798,-0.025319844,-0.034188593
2022/11/3 0:00,0.002501116,-0.003506139,-0.010642423,-0.017430156
2022/11/4 0:00,0.045331998,0.030917103,0.013526823,0.012711129
2022/11/7 0:00,-0.01558786,-0.003305457,0.009568062,0.008485841
2022/11/8 0:00,-0.105428647,0.022348404,0.005582283,0.004879982
2022/11/9 0:00,-0.154889548,-0.003606496,-0.020996785,-0.025088409
2022/11/10 0:00,0.102037409,0.028004196,0.053952516,0.070926361
2022/11/14 0:00,0.016064732,0.00059982,-0.008975941,-0.011289009
2022/11/15 0:00,0.015904317,0.003593536,0.008675376,0.014382256
2022/11/16 0:00,-0.01282568,-0.00250313,-0.008286283,-0.015504654
2022/11/17 0:00,0.001083919,-0.007326775,-0.003094105,-0.003466424
2022/11/18 0:00,0.000614628,-0.006319929,0.004747296,9.87E-05
2022/11/21 0:00,-0.031459063,-0.006823225,-0.00389125,-0.010965079
2022/11/22 0:00,0.025174715,0.001399021,0.013488606,0.013505402
2022/11/23 0:00,0.025667957,0.005186527,0.005897266,0.009876437
2022/11/24 0:00,-0.000375864,0.003194891,0,0
2022/11/25 0:00,-0.004988375,0.000699755,-0.000283084,-0.005238178
2022/11/28 0:00,-0.013918848,-0.008838949,-0.015564697,-0.015879438
2022/11/29 0:00,0.013940464,0.005186527,-0.001593134,-0.005965514
2022/11/30 0:00,0.043059767,0.01064316,0.030478644,0.043140884
2022/12/1 0:00,-0.011802069,0.019312311,-0.00086801,0.001259252
2022/12/2 0:00,0.007136986,-0.002803927,-0.001195375,-0.001826207
2022/12/5 0:00,-0.009128269,-0.016535969,-0.01805625,-0.019520048
2022/12/6 0:00,0.006733035,0.001399021,-0.014503869,-0.020225583
2022/12/7 0:00,-0.014224978,0.008563231,-0.001864107,-0.005128006
2022/12/8 0:00,0.0226142,0.001698557,0.007493634,0.011202215
2022/12/9 0:00,-0.005838371,0.004091618,-0.007376719,-0.007006975
2022/12/12 0:00,0.005959928,-0.008637193,0.014178307,0.012562731
2022/12/13 0:00,0.032864789,0.016266972,0.007263223,0.010095314
2022/12/14 0:00,0.001928931,-0.001701447,-0.006071117,-0.007661985
2022/12/15 0:00,-0.025628381,-0.017044435,-0.025237478,-0.032790572
2022/12/16 0:00,-0.042189809,0.008761506,-0.01120024,-0.009771449
2022/12/19 0:00,-0.019176452,-0.002703652,-0.009048329,-0.014999724
2022/12/20 0:00,0.027988705,0.016660441,0.001036801,0.00010241
2022/12/21 0:00,-0.005264509,-0.001801622,0.014758549,0.015267148
2022/12/22 0:00,0.000761215,-0.011971372,-0.014557142,-0.022020678
2022/12/23 0:00,-0.001985808,0.002995509,0.005850952,0.002073068
2022/12/26 0:00,0.004609856,-0.00020002,0,0
2022/12/27 0:00,-0.012048247,0.009058844,-0.004057844,-0.013872867
2022/12/28 0:00,-0.00989505,-0.005414633,-0.01209347,-0.013608776
2022/12/29 0:00,0.005408645,0.005982072,0.017310634,0.025596578
2022/12/30 0:00,-0.002391696,0.005186527,-0.002543976,-0.001108581
2023/1/2 0:00,0.003805701,-0.00040008,0,0
2023/1/3 0:00,-0.000516255,0.008662373,-0.004008572,-0.007624671
2023/1/4 0:00,0.010934154,0.007868958,0.007510695,0.006886738
2023/1/5 0:00,-0.001572818,-0.01136433,-0.011713869,-0.014787356
2023/1/6 0:00,0.006820792,0.017545179,0.022583836,0.025300104
2023/1/9 0:00,0.006148589,0.003194891,-0.000767927,0.006258972
2023/1/10 0:00,0.014418134,0.002995509,0.006953998,0.010008325
2023/1/11 0:00,0.02762115,-0.000500125,0.012767571,0.017444147
2023/1/12 0:00,0.05080318,0.010841023,0.003410085,0.006331158
2023/1/13 0:00,0.053649213,0.01222497,0.003988892,0.007070648
2023/1/16 0:00,0.01373772,-0.001200721,0,0
2023/1/17 0:00,-0.000383324,-0.005012542,-0.002032555,0.001438622
2023/1/18 0:00,-0.022592831,-0.002402885,-0.015684967,-0.01252509
2023/1/19 0:00,0.019055334,0.01439588,-0.007667672,-0.009605181
2023/1/20 0:00,0.072684553,-0.00250313,0.018741674,0.026206574
2023/1/23 0:00,0.009375442,0.00249688,0.011811316,0.019905751
2023/1/24 0:00,-0.013077079,0.003194891,-0.000711756,-0.002655718
2023/1/25 0:00,0.021043185,0.004390348,-0.000181742,-0.001846479
2023/1/26 0:00,-0.003687149,-0.008738066,0.010947708,0.017441238
2023/1/27 0:00,0.001993046,-0.000900405,0.002491734,0.0094493
2023/1/30 0:00,-0.040096915,-0.00250313,-0.013053569,-0.01980471
2023/1/31 0:00,0.013012289,0.002796087,0.014536304,0.016602109
2023/2/1 0:00,0.024945735,0.011632084,0.010398056,0.019809356
2023/2/2 0:00,-0.01067475,-0.019692633,0.014592385,0.032021535
2023/2/3 0:00,-0.000961136,-0.024805119,-0.010408593,-0.016017523
2023/2/6 0:00,-0.008555376,0.0009995,-0.006159393,-0.010002427
2023/2/7 0:00,0.021910196,0.003493889,0.012790364,0.018861238
2023/2/8 0:00,-0.014063722,0.000899595,-0.011142573,-0.016922472
2023/2/9 0:00,-0.050072948,-0.007629027,-0.00886901,-0.010205907
2023/2/10 0:00,-0.007722818,0.001798382,0.002192856,-0.006079725
2023/2/13 0:00,0.00091285,-0.006018072,0.01138357,0.014711878
2023/2/14 0:00,0.018747466,0.000499875,-0.000280454,0.005732074
2023/2/15 0:00,0.089770008,-0.009848336,0.002769338,0.00919158
2023/2/16 0:00,-0.028558101,0.000699755,-0.013884689,-0.017952166
2023/2/17 0:00,0.039106249,0.002297359,-0.002771242,-0.005799641
2023/2/20 0:00,0.020405045,-0.00020002,0,0
2023/2/21 0:00,-0.015946382,-0.003706862,-0.020244784,-0.025342867
2023/2/22 0:00,-0.010180397,-0.005113049,-0.001574795,0.001284427
2023/2/23 0:00,-0.010027917,-0.001300846,0.005315278,0.007215547
2023/2/24 0:00,-0.031792067,-0.006521217,-0.010593465,-0.017007768
2023/2/27 0:00,-0.001628652,0.003593536,0.003068293,0.006302207
2023/2/28 0:00,-0.016092731,0.005385472,-0.00304062,-0.000998183
2023/3/1 0:00,0.021336805,0.005286004,-0.004736464,-0.006661685
2023/3/2 0:00,-0.00726135,-0.00040008,0.007553594,0.007310979
2023/3/3 0:00,-0.048562426,0.010247316,0.016018749,0.019526311
2023/3/6 0:00,-0.000256584,-0.004409708,0.000686931,-0.001135859
2023/3/7 0:00,-0.009406139,-0.018163971,-0.01544559,-0.012532243
2023/3/8 0:00,-0.022837315,0,0.001413794,0.003953028
2023/3/9 0:00,-0.064424513,0.009455159,-0.018631858,-0.020743239
2023/3/10 0:00,-0.008669657,0.019998687,-0.014583969,-0.017748194
2023/3/13 0:00,0.087783634,0.024009452,-0.001510902,0.004474282
2023/3/14 0:00,0.022416165,-0.005816885,0.016342388,0.021162805
2023/3/15 0:00,-0.01506942,0.008364916,-0.007005364,0.000516085
2023/3/16 0:00,0.027387722,0.000499875,0.017409576,0.02446897
2023/3/17 0:00,0.090430817,0.035270614,-0.011080621,-0.007432901
2023/3/20 0:00,-0.009728059,-0.004610613,0.00887887,0.003864261
2023/3/21 0:00,0.014607259,-0.019692633,0.012898648,0.01568464
2023/3/22 0:00,-0.031304935,0.015085637,-0.016600249,-0.016162683
2023/3/23 0:00,0.036902431,0.01202738,0.002980084,0.010013182
2023/3/24 0:00,-0.030119733,-0.008233805,0.005623963,0.00309678
2023/3/27 0:00,-0.03099744,-0.010454458,0.0016456,-0.00467263
2023/3/28 0:00,0.0047141,0.008761506,-0.001575083,-0.004493084
2023/3/29 0:00,0.038853399,-0.004912044,0.014136871,0.01777877
2023/3/30 0:00,-0.011169599,0.008265744,0.005698999,0.007287463
2023/3/31 0:00,0.015746415,-0.0062193,0.014333328,0.017201758
2023/4/3 0:00,-0.014613274,0.008166563,0.003692023,-0.002659416
2023/4/4 0:00,0.013505586,0.017938145,-0.00581384,-0.005191712
2023/4/5 0:00,0.000351206,0.00019998,-0.002495482,-0.01073415
2023/4/6 0:00,-0.004761257,-0.006118681,0.003572773,0.007564934
2023/4/10 0:00,0.045533647,-0.009141658,0.000995807,-0.000297829
2023/4/11 0:00,0.01943949,0.006776984,-4.14E-05,-0.0043523
2023/4/12 0:00,-0.003180368,0.005783245,-0.004143456,-0.008558885
2023/4/13 0:00,0.008590134,0.01232375,0.01317551,0.019666431
2023/4/14 0:00,0.002845798,-0.018163971,-0.002071518,-0.003524109
2023/4/17 0:00,-0.029128723,-0.004108428,0.003300704,0.002821116
2023/4/18 0:00,0.031836461,0.005087039,0.000854855,-0.000354535
2023/4/19 0:00,-0.053199537,-0.005816885,-8.43E-05,0.000314291
2023/4/20 0:00,-0.020211127,0.005584378,-0.005970335,-0.008066422
2023/4/21 0:00,-0.034910877,-0.010757657,0.000902781,0.001069151
2023/4/24 0:00,-0.002396549,0.002995509,0.000851217,-0.002924951
2023/4/25 0:00,0.028023208,0.004489905,-0.015937184,-0.019973515
2023/4/26 0:00,0.004057926,-0.004208845,-0.003848584,0.0046665
2023/4/27 0:00,0.036313133,-0.00080032,0.019377193,0.023995446
2023/4/28 0:00,-0.004540603,0.000899595,0.008219331,0.006921975
2023/5/1 0:00,-0.041052856,-0.003807238,-0.000386181,-0.001144103
2023/5/2 0:00,0.02074927,0.017152059,-0.011653907,-0.010874783
2023/5/3 0:00,0.011294601,0.017152059,-0.007022908,-0.004578126
2023/5/4 0:00,-0.005482698,0,-0.007244913,-0.00491251
2023/5/5 0:00,0.023524524,-0.017044435,0.018306166,0.022231464
2023/5/8 0:00,-0.02709748,0.002397125,0.000452026,0.00175645
2023/5/9 0:00,-0.001282605,0.006280238,-0.004589939,-0.006332369
2023/5/10 0:00,-0.001339334,-0.002302649,0.004473942,0.010364438
2023/5/11 0:00,-0.022737628,-0.006923915,-0.001698065,0.00179171
2023/5/12 0:00,-0.007278017,-0.002202424,-0.001584562,-0.003556587
2023/5/15 0:00,0.009683688,0.003593536,0.002953798,0.00652902
2023/5/16 0:00,-0.005754943,-0.014910613,-0.006398108,-0.001793745
2023/5/17 0:00,0.013305949,-0.003506139,0.011820689,0.012681132
2023/5/18 0:00,-0.020896323,-0.011971372,0.009400723,0.014948586
2023/5/19 0:00,0.00215627,0.009356095,-0.001446914,-0.002441298
2023/5/22 0:00,0.003635896,-0.003606496,0.000155023,0.004955341
2023/5/23 0:00,0.013848963,0.002696362,-0.011285469,-0.012699833
2023/5/24 0:00,-0.0332704,-0.009040745,-0.007345513,-0.006076412
2023/5/25 0:00,0.005354526,-0.008536331,0.008719456,0.016990923
2023/5/26 0:00,0.009139333,0.003095205,0.012964681,0.021626064
2023/5/29 0:00,-0.012171112,-0.001801622,0,0
2023/5/30 0:00,-0.001570299,0.008364916,1.66E-05,0.003211565
2023/5/31 0:00,-0.017577793,0.001598721,-0.006127358,-0.006329966
2023/6/1 0:00,-0.014792582,0.007868958,0.009806215,0.012727834
2023/6/2 0:00,0.015891611,-0.015418253,0.014429812,0.010613598
2023/6/5 0:00,-0.051410346,0.007074914,-0.002005591,-0.000856801
2023/6/6 0:00,0.055815119,0.000699755,0.00235113,0.003545654
2023/6/7 0:00,-0.033325424,-0.011870173,-0.003819294,-0.013003288
2023/6/8 0:00,0.006138366,0.01439588,0.006169572,0.01014449
2023/6/9 0:00,-0.00105086,-0.003606496,0.001147401,0.001556373
2023/6/12 0:00,-0.001453165,-0.001901807,0.009277975,0.015177854
2023/6/13 0:00,0.000626327,-0.006923915,0.006908571,0.008241171
2023/6/14 0:00,-0.031115354,-0.00020002,0.00081909,0.003908869
2023/6/15 0:00,0.017819375,0.007472015,0.01210458,0.011407919
2023/6/16 0:00,0.028942773,-0.000100005,-0.003678376,-0.00678866
2023/6/19 0:00,0.019359247,-0.003706862,0,0
2023/6/20 0:00,0.053528495,-0.007326775,-0.004746354,-0.001628862
2023/6/21 0:00,0.058274213,-0.001901807,-0.005259086,-0.01215274
2023/6/22 0:00,-0.003837724,-0.009747351,0.00370393,0.009465375
2023/6/23 0:00,0.025845906,0.004091618,-0.007688288,-0.010182602
2023/6/26 0:00,-0.006884836,0.00079968,-0.004496934,-0.011684754
2023/6/27 0:00,0.013682563,-0.004912044,0.011390734,0.016354235
2023/6/28 0:00,-0.019808918,-0.003104815,-0.000354139,0.002658087
2023/6/29 0:00,0.011865198,0.00039992,0.004463568,-3.09E-05
2023/6/30 0:00,0.001047243,0.005982072,0.01219435,0.014360746
2023/7/3 0:00,0.017342426,0.0009995,0.001169993,0.002090197
2023/7/4 0:00,-0.012234379,0.001898197,0,0
2023/7/5 0:00,-0.008595534,-0.004008021,-0.001970258,-0.001819673
2023/7/6 0:00,-0.0200203,-0.003405793,-0.007954061,-0.008198628
2023/7/7 0:00,0.01437091,0.007074914,-0.002869213,-0.001340196
2023/7/10 0:00,0.008029539,0.00039992,0.002402139,0.00181091
2023/7/11 0:00,0.006765948,0.003593536,0.006719584,0.005481266
2023/7/12 0:00,-0.00751667,0.012916225,0.007383905,0.011435219
2023/7/13 0:00,0.035059118,0.001598721,0.008434483,0.015654609
2023/7/14 0:00,-0.036955453,-0.002703652,-0.001024932,-0.001760575
2023/7/17 0:00,-0.003418965,-0.000100005,0.00384797,0.009256501
2023/7/18 0:00,-0.009643886,0.01222497,0.007092067,0.007601072
2023/7/19 0:00,0.001919387,-0.0010005,0.002355135,0.000305094
2023/7/20 0:00,-0.004083626,-0.003606496,-0.006779827,-0.020739391
2023/7/21 0:00,0.003910458,-0.004811557,0.000324042,-0.002171119
2023/7/24 0:00,-0.030633538,-0.002904213,0.004026038,0.001855393
2023/7/25 0:00,0.001728455,0.005186527,0.00281072,0.006076546
2023/7/26 0:00,0.004355653,0.003792798,-0.000155451,-0.001222368
2023/7/27 0:00,-0.004927239,-0.013896105,-0.006445393,-0.005477449
2023/7/28 0:00,0.003709444,0.007273484,0.009829376,0.018793655
2023/7/31 0:00,-0.001545063,0.00249688,0.001467635,0.002048614
2023/8/1 0:00,0.015130234,-0.010252376,-0.002668645,-0.004338779
2023/8/2 0:00,-0.017807508,-0.005414633,-0.013936201,-0.021974625
2023/8/3 0:00,0.000916181,1.00E-04,-0.002551225,-0.000983094
2023/8/4 0:00,-0.003590834,0.004091618,-0.005314169,-0.003622636
2023/8/7 0:00,0.004765274,-0.002703652,0.008983619,0.006103893
2023/8/8 0:00,0.019846387,-0.006018072,-0.004227205,-0.007897109
2023/8/9 0:00,-0.006877101,-0.005314095,-0.007063619,-0.011758361
2023/8/10 0:00,-0.004471949,-0.001300846,0.000250683,0.001163197
2023/8/11 0:00,-0.001083747,0.000699755,-0.001070265,-0.006802873
2023/8/14 0:00,0.004277614,-0.002803927,0.005734005,0.010460455
2023/8/15 0:00,-0.00812912,-0.003305457,-0.011618139,-0.011472324
2023/8/16 0:00,-0.016193585,-0.005213567,-0.007584082,-0.011541615
2023/8/17 0:00,-0.07362412,-0.001501126,-0.007742811,-0.011772515
2023/8/18 0:00,-0.023334249,-0.00040008,-0.000148718,-0.001965552
2023/8/21 0:00,-0.002501959,0.002995509,0.006855635,0.015440557
2023/8/22 0:00,-0.00354647,0.001598721,-0.002781331,0.000613275
2023/8/23 0:00,0.015248456,0.009058844,0.010984331,0.015805298
2023/8/24 0:00,-0.010239566,0.001199281,-0.013549354,-0.018912504
2023/8/25 0:00,-0.004393992,-0.001100605,0.006695501,0.009364877
2023/8/28 0:00,0.000630588,0.002696362,0.006245079,0.008388122
2023/8/29 0:00,0.060249893,0.009058844,0.014404069,0.017261873
2023/8/30 0:00,-0.015634289,0.002596626,0.003825854,0.005403555
2023/8/31 0:00,-0.051329145,-0.001300846,-0.001598213,0.001116418
2023/9/1 0:00,-0.005054814,-0.000500125,0.001797513,-0.000225188
2023/9/4 0:00,-0.006069713,-0.000300045,0,0
2023/9/5 0:00,-0.001257301,-0.006420568,-0.004202998,-0.000774211
2023/9/6 0:00,-0.001038014,-0.005012542,-0.006996014,-0.010646373
2023/9/7 0:00,0.018732106,0.001498876,-0.003216433,-0.008952546
2023/9/8 0:00,-0.01283115,-0.000700245,0.001425606,0.000923303
2023/9/11 0:00,-0.026261881,0.001998003,0.006700951,0.011298
2023/9/12 0:00,0.026305128,-0.004409708,-0.005712169,-0.01042057
2023/9/13 0:00,0.015173853,-0.003606496,0.001240862,0.002898411
2023/9/14 0:00,0.011800835,0.002097798,0.008394586,0.008108294
2023/9/15 0:00,0.002597241,0.006876304,-0.012234146,-0.01575749
2023/9/18 0:00,0.008260511,0.004987542,0.000721028,0.000139333
2023/9/19 0:00,0.016931103,-0.001100605,-0.002153327,-0.002340391
2023/9/20 0:00,-0.002911479,-0.000700245,-0.009439204,-0.015402233
2023/9/21 0:00,-0.021020468,-0.005213567,-0.016536918,-0.018368508
2023/9/22 0:00,0.000449151,0.002796087,-0.002298237,-0.00092079
2023/9/25 0:00,0.001585161,-0.004811557,0.004014994,0.004494245
2023/9/26 0:00,-0.00309357,-0.00793137,-0.014844165,-0.01577481
2023/9/27 0:00,0.005153783,-0.013693327,0.000229288,0.002235721
2023/9/28 0:00,0.025063206,-0.005414633,0.005875877,0.008247565
2023/9/29 0:00,-0.004072675,-0.008738066,-0.00271326,0.001365604
2023/10/2 0:00,-0.016319146,-0.01136433,7.94E-05,0.00666862
2023/10/3 0:00,-0.003668317,-0.00250313,-0.013839396,-0.01883452
2023/10/4 0:00,0.013377719,-0.0010005,0.008077048,0.013427608
2023/10/5 0:00,-0.013890662,-0.00060018,-0.001304881,-0.001223147
2023/10/6 0:00,0.019171884,0.006677655,0.011745642,0.01587279
2023/10/9 0:00,-0.012659388,0.015479571,0.006284068,0.003930843
2023/10/10 0:00,-0.007009006,-0.00040008,0.005194476,0.005812075
2023/10/11 0:00,-0.019081221,0.007273484,0.00428382,0.007114716
2023/10/12 0:00,-0.004345382,-0.002603386,-0.006266025,-0.006276019
2023/10/13 0:00,0.003938006,0.033144599,-0.005031496,-0.012378237
2023/10/16 0:00,0.048854397,-0.006319929,0.010538642,0.011918491
2023/10/17 0:00,-0.003643399,0.001598721,-9.82E-05,-0.002526074
2023/10/18 0:00,-0.00308072,0.013014937,-0.013490408,-0.016347935
2023/10/19 0:00,0.013724231,0.013311014,-0.008519032,-0.009669343
2023/10/20 0:00,0.032985769,0.003693172,-0.012665149,-0.015466124
2023/10/23 0:00,0.098123406,-0.004309272,-0.001686992,0.002655207
2023/10/24 0:00,0.024342752,-0.001300846,0.007239524,0.009292758
2023/10/25 0:00,0.017581001,0.004788517,-0.014443435,-0.024549539
2023/10/26 0:00,-0.010083818,0.002596626,-0.011903081,-0.017753221
2023/10/27 0:00,-0.007253169,0.010544214,-0.004811839,0.003756106
2023/10/30 0:00,-0.001046256,-0.004912044,0.011938474,0.01151852
2023/10/31 0:00,0.004782939,-0.006621876,0.006454085,0.004817328
2023/11/1 0:00,0.021952876,-0.000300045,0.010451195,0.016226331
2023/11/2 0:00,-0.014181643,0.001698557,0.018682939,0.017660476
2023/11/3 0:00,-0.005911207,0.003394233,0.009349884,0.013752391
2023/11/6 0:00,-0.000341987,-0.007326775,0.001751458,0.003000329
2023/11/7 0:00,0.011526405,-0.00471108,0.002836093,0.008916564
2023/11/8 0:00,0.005955525,-0.009545413,0.001004411,0.000773155
2023/11/9 0:00,0.02869224,0.004290781,-0.008116691,-0.009492241
2023/11/10 0:00,0.016778346,-0.01095984,0.015495759,0.020254324
2023/11/13 0:00,-0.015013537,0.004688989,-0.000836188,-0.00220346
2023/11/14 0:00,-0.026784358,0.008563231,0.01889537,0.023447937
2023/11/15 0:00,0.063846199,-0.001801622,0.001595738,0.000670962
2023/11/16 0:00,-0.046629756,0.011038847,0.001189719,0.000696736
2023/11/17 0:00,0.012148747,-0.00040008,0.001281228,0.000836466
2023/11/20 0:00,0.002415334,-0.001400981,0.007363104,0.011196861
2023/11/21 0:00,-0.045392622,0.01064316,-0.002022976,-0.005936563
2023/11/22 0:00,0.044201389,-0.004309272,0.004052905,0.004628706
2023/11/23 0:00,-0.003819999,0.0009995,0,0
2023/11/24 0:00,0.011482881,0.005087039,0.000596696,-0.001052768
2023/11/27 0:00,-0.006020177,0.005783245,-0.001956069,-0.000690027
2023/11/28 0:00,0.015367314,0.013409687,0.000979639,0.002856682
2023/11/29 0:00,0.000724175,0.001798382,-0.000946697,-0.001630647
2023/11/30 0:00,-0.003857189,-0.004309272,0.003776931,-0.002265814
2023/12/1 0:00,0.02555073,0.017152059,0.005856559,0.005524521
2023/12/4 0:00,0.048856567,-0.019896632,-0.005423188,-0.008391615
2023/12/5 0:00,0.048825235,-0.005213567,-0.000569032,0.003126471
2023/12/6 0:00,-0.007610516,0.002696362,-0.003913852,-0.005864013
2023/12/7 0:00,-0.01042716,0.001698557,0.007936611,0.013570069
2023/12/8 0:00,0.019985683,-0.012376271,0.004087134,0.00445169
2023/12/11 0:00,-0.059668647,-0.011060947,0.003916814,0.001978087
2023/12/12 0:00,0.004991678,-0.000900405,0.004588813,0.006967544
2023/12/13 0:00,0.03416275,0.023423515,0.013558345,0.013705555
2023/12/14 0:00,0.003101461,0.004489905,0.002643565,0.001871445
2023/12/15 0:00,-0.025761679,-0.008536331,-7.63E-05,0.003540798
2023/12/18 0:00,0.02997967,0.004390348,0.004518122,0.006116677
2023/12/19 0:00,-0.008316571,0.006478966,0.005849267,0.006580876
2023/12/20 0:00,0.032164737,-0.005414633,-0.014793148,-0.015129269
2023/12/21 0:00,0.004956566,0.00796817,0.010248769,0.012503079
2023/12/22 0:00,0.002930566,0.003693172,0.001658682,0.00194277
2023/12/25 0:00,0.013783632,0.0009995,0,0
2023/12/26 0:00,-0.02537448,0.005982072,0.004222761,0.005427833
2023/12/27 0:00,0.021462391,0.004688989,0.001429436,0.001631178
2023/12/28 0:00,-0.018938483,-0.005314095,0.000370106,-0.000267603
2023/12/29 0:00,-0.012474379,-0.001701447,-0.002830477,-0.005566259
2024/1/1 0:00,0.044021665,0.00059982,0,0
2024/1/2 0:00,0.017742604,-0.002603386,-0.005676661,-0.016483349
2024/1/3 0:00,-0.048064954,-0.008939842,-0.008048618,-0.011835384
2024/1/4 0:00,0.030607358,0.001498876,-0.003434272,-0.005629093
2024/1/5 0:00,-0.000390083,0.001099395,0.001824022,0.000948566
2024/1/8 0:00,0.066624266,-0.008637193,0.014015945,0.021772922
2024/1/9 0:00,-0.017845417,0.000899595,-0.001478994,0.000938703
2024/1/10 0:00,0.010522033,-0.003104815,0.005649981,0.007505924
2024/1/11 0:00,-0.005574241,0.002297359,-0.000671281,3.61E-05
2024/1/12 0:00,-0.078842629,0.010148331,0.000750694,0.000171615
2024/1/15 0:00,0.016978564,0.002796087,0,0
2024/1/16 0:00,0.015011365,-0.013186562,-0.003738319,-0.001899259
2024/1/17 0:00,-0.009599713,-0.010858743,-0.005632731,-0.005955023
2024/1/18 0:00,-0.035253906,0.008464078,0.008766721,0.013375109
2024/1/19 0:00,0.008599128,0.003194891,0.012238308,0.016816185
2024/1/22 0:00,-0.05030891,-0.004409708,0.002191921,0.003216063
2024/1/23 0:00,0.008523584,0.003792798,0.002917115,0.004264926
2024/1/24 0:00,0.005793706,-0.007427516,0.000811599,0.003622351
2024/1/25 0:00,-0.003581157,0.003593536,0.005246578,0.001844328
2024/1/26 0:00,0.046076574,-0.000700245,-0.000651998,-0.003561322
2024/1/29 0:00,0.029364416,0.006578315,0.007528366,0.011110848
2024/1/30 0:00,-0.007783745,0.002097798,-0.00060083,-0.007588184
2024/1/31 0:00,-0.008651553,0.000499875,-0.016236852,-0.022553713
2024/2/1 0:00,0.01151489,0.008265744,0.012416286,0.012948628
2024/2/2 0:00,0.002552375,-0.007528266,0.010627771,0.017251506
2024/2/5 0:00,0.001761708,-0.006823225,-0.003191425,-0.002002811
2024/2/6 0:00,0.009936805,0.005286004,0.002307746,0.000725506
2024/2/7 0:00,0.028228646,-0.00060018,0.008207683,0.00941417
2024/2/8 0:00,0.021945671,-0.000500125,0.000570421,0.002349916
2024/2/9 0:00,0.039932995,-0.004409708,0.005725917,0.012393055
2024/2/12 0:00,0.033881479,-0.002202424,-0.000949404,-0.003013188
2024/2/13 0:00,-0.004328589,-0.013794711,-0.013768609,-0.018162968
2024/2/14 0:00,0.04104685,1.00E-04,0.009534168,0.01291799
2024/2/15 0:00,0.002156009,0.005882663,0.005804373,0.002960434
2024/2/16 0:00,0.004258433,0.004489905,-0.004815044,-0.008239443
2024/2/19 0:00,-0.006610164,0.002197584,0,0
2024/2/20 0:00,0.009719679,0.002895803,-0.006023426,-0.009225572
2024/2/21 0:00,-0.008560904,0.000699755,0.001263401,-0.003198177
2024/2/22 0:00,-0.010358548,-0.00040008,0.020902889,0.029142715
2024/2/23 0:00,-0.011231806,0.005683816,0.000347887,-0.00279663
2024/2/26 0:00,0.052511188,-0.00250313,-0.003793939,-0.001286728
2024/2/27 0:00,0.045936216,-0.000500125,0.001704896,0.003689285
2024/2/28 0:00,0.090695293,0.00249688,-0.001659531,-0.005475389
2024/2/29 0:00,-0.021122414,0.004191205,0.00521547,0.009000137
2024/3/1 0:00,0.020095466,0.019410394,0.007975936,0.01130925
2024/3/4 0:00,0.078567081,0.015085637,-0.001193975,-0.004151827
2024/3/5 0:00,-0.068582982,0.005882663,-0.010245406,-0.016668759
2024/3/6 0:00,0.0354997,0.009752291,0.005127933,0.005752093
2024/3/7 0:00,0.01230814,0.005087039,0.010251402,0.014972602
2024/3/8 0:00,0.020331312,0.008464078,-0.006549923,-0.011636616
2024/3/11 0:00,0.043992299,0.002297359,-0.001122868,-0.004101678
2024/3/12 0:00,-0.008949836,-0.011263192,0.011139513,0.015262543
2024/3/13 0:00,0.022166899,0.007571265,-0.001926384,-0.005416837
2024/3/14 0:00,-0.023352461,-0.0062193,-0.002875221,-0.003048278
2024/3/15 0:00,-0.028308923,-0.00250313,-0.006504023,-0.009679336
2024/3/18 0:00,-0.012388508,0.002097798,0.006298184,0.008123112
2024/3/19 0:00,-0.087120732,-0.001300846,0.005633253,0.003925594
2024/3/20 0:00,0.092510853,0.013212331,0.008864766,0.012455218
2024/3/21 0:00,-0.036318674,-0.002402885,0.003231309,0.001979155
2024/3/22 0:00,-0.026498447,-0.007629027,-0.001403172,0.001643615
2024/3/25 0:00,0.039725048,0.003394233,-0.00305964,-0.002703151
2024/3/26 0:00,0.000414779,0.003294567,-0.002803722,-0.004206131
2024/3/27 0:00,-0.007637445,0.007074914,0.008593596,0.005124191
2024/3/28 0:00,0.01839719,0.017348638,0.001115863,-0.001223929
2024/4/1 0:00,-0.023137002,0.008067371,-0.002015615,0.00105992
2024/4/2 0:00,-0.062990904,0.013113639,-0.007265388,-0.009582972
2024/4/3 0:00,0.008123743,0.008364916,0.001090528,0.002276271
2024/4/4 0:00,0.037598863,-0.004208845,-0.012411036,-0.014129794
2024/4/5 0:00,-0.00984563,0.017348638,0.01103805,0.012350267
